seed,accuracy,precision,recall,f1,fpr,fnr,roc_auc,pr_auc,macro_f1
42,0.87,0.8742410295336391,0.8375,0.8369023721835832,0.09749999999999999,0.1625,0.94355625,0.9324001186950371,0.8620027643533925
123,0.8762500000000001,0.9264344572924491,0.7916666666666666,0.823375255093016,0.03916666666666667,0.20833333333333334,0.9418958333333333,0.9276605735190037,0.8626218363322504
456,0.8741666666666666,0.9154878467256499,0.8041666666666667,0.8285386675206808,0.05583333333333334,0.19583333333333333,0.9362666666666667,0.9267758211598199,0.8627159951750615
789,0.8725,0.9431686328453028,0.775,0.810148781933258,0.03,0.225,0.9424541666666667,0.9311695395852834,0.8555304270848394
999,0.8720833333333333,0.9026108677189469,0.7999999999999999,0.8225731930659091,0.05583333333333334,0.19999999999999998,0.9205604166666667,0.9064404335722678,0.8594950511272718
