seed,accuracy,precision,recall,f1,fpr,fnr,roc_auc,pr_auc,macro_f1
42,0.8612500000000001,0.8470740349362179,0.8616666666666667,0.8407047716190185,0.1391666666666667,0.13833333333333334,0.94355625,0.9324001186950371,0.8562391785511408
123,0.8591666666666667,0.846612258994944,0.8591666666666667,0.8375256484486466,0.14083333333333334,0.14083333333333334,0.9418958333333333,0.9276605735190037,0.8536603313817279
456,0.8504166666666667,0.8304220498325058,0.8624999999999999,0.8363544092333005,0.16166666666666665,0.13749999999999998,0.9362666666666667,0.9267758211598199,0.8471142176662633
789,0.8054166666666668,0.7358168714085989,0.9483333333333333,0.8277147915323462,0.33749999999999997,0.051666666666666666,0.9424541666666667,0.9311695395852834,0.8014295380421242
999,0.8291666666666666,0.7915915437137847,0.8816666666666667,0.8238421117838214,0.2233333333333333,0.11833333333333335,0.9205604166666667,0.9064404335722678,0.8255596994269441
