mode,champion,accuracy_mean,f1_mean,recall_mean,roc_auc_mean,n
standard,gradient_boosting,0.8741666666666666,0.8285386675206808,0.8041666666666667,0.9362666666666667,1
standard,logistic_regression,0.8743750000000001,0.816762018513137,0.7833333333333333,0.942175,2
standard,svm,0.8710416666666667,0.8297377826247462,0.81875,0.9320583333333333,2
stealthy,gradient_boosting,0.8504166666666667,0.8363544092333005,0.8624999999999999,0.9362666666666667,1
stealthy,logistic_regression,0.8322916666666668,0.8326202199904964,0.90375,0.942175,2
stealthy,svm,0.8452083333333333,0.8322734417014199,0.8716666666666667,0.9320583333333333,2
