band,accuracy_mean,accuracy_std,precision_mean,precision_std,recall_mean,recall_std,f1_mean,f1_std,fpr_mean,fpr_std,fnr_mean,fnr_std,roc_auc_mean,roc_auc_std,pr_auc_mean,pr_auc_std,macro_f1_mean,macro_f1_std
ultra-stealthy,0.6335,0.03802137556690971,0.7139096624128509,0.021657061052883834,0.45499999999999996,0.16796577032240825,0.5410376891553959,0.10196499632652466,0.188,0.09291124797353655,0.545,0.16796577032240825,0.7348250000000001,0.021795446413758104,0.6879255718653615,0.010409596812448007,0.6148899569065251,0.04980973639446846
stealthy,0.82,0.019445436482630085,0.8110172242412863,0.04956660575624671,0.843,0.06408978077665735,0.8238961319297381,0.017387863425938305,0.203,0.08311137106317042,0.15699999999999997,0.06408978077665738,0.9042774999999998,0.016720859446362174,0.8939387855673517,0.012969147233260248,0.8190859667306303,0.02032809966457185
moderate,0.8975,0.04081206929328627,0.834050426214826,0.054612664377387266,0.998,0.0027386127875258363,0.9078610982797354,0.03258191980615132,0.203,0.08311137106317042,0.002,0.0027386127875258306,0.99386,0.0013961554354726753,0.9908055056321885,0.002433097405281571,0.8959614941473228,0.04269807821642436
severe,0.8985,0.04155568553158518,0.8342809325980994,0.05478679514912152,1.0,0.0,0.9088583865918969,0.03332184558465526,0.203,0.08311137106317042,0.0,0.0,0.9983325000000001,0.0019222301501120847,0.9968259121735841,0.0035868262814410692,0.8969553800991207,0.04343662446682186
critical,0.8985,0.04155568553158518,0.8342809325980994,0.05478679514912152,1.0,0.0,0.9088583865918969,0.03332184558465526,0.203,0.08311137106317042,0.0,0.0,0.99664,0.00621071654481186,0.9934155639591318,0.012134823876459134,0.8969553800991207,0.04343662446682186
ultra-strong,0.8985,0.04155568553158518,0.8342809325980994,0.05478679514912152,1.0,0.0,0.9088583865918969,0.03332184558465526,0.203,0.08311137106317042,0.0,0.0,0.993745,0.012423017950562564,0.9864244446400765,0.02724036268662206,0.8969553800991207,0.04343662446682186
