band,accuracy_mean,accuracy_std,precision_mean,precision_std,recall_mean,recall_std,f1_mean,f1_std,fpr_mean,fpr_std,fnr_mean,fnr_std,roc_auc_mean,roc_auc_std,pr_auc_mean,pr_auc_std,macro_f1_mean,macro_f1_std
ultra-stealthy,0.5635,0.012574776339959287,0.7484675192222362,0.06003621386714845,0.196,0.043502873468312414,0.3077066034554036,0.05143368951651265,0.06899999999999999,0.030083217912982643,0.8039999999999999,0.04350287346831235,0.7348250000000001,0.021795446413758104,0.6879255718653615,0.010409596812448007,0.49422366465678114,0.025767658782661816
stealthy,0.7945,0.02825110617303334,0.9265634575245552,0.023236976887934753,0.642,0.08159350464344578,0.7551540455007959,0.047316661672568615,0.053000000000000005,0.02564176280991617,0.358,0.08159350464344574,0.9042774999999998,0.016720859446362174,0.8939387855673517,0.012969147233260248,0.7887300090267716,0.032004206481967924
moderate,0.9595,0.006937218462755837,0.9489718513652547,0.02238489935090556,0.9719999999999999,0.014832396974191297,0.9600718579263899,0.00619386354456228,0.053000000000000005,0.02564176280991617,0.028000000000000004,0.014832396974191326,0.99386,0.0013961554354726753,0.9908055056321885,0.002433097405281571,0.959477174238415,0.006971815331058951
severe,0.9734999999999999,0.012820881404958077,0.9501095242757132,0.022687718700046638,1.0,0.0,0.974304472291049,0.012045381699917986,0.053000000000000005,0.02564176280991617,0.0,0.0,0.9983325000000001,0.0019222301501120847,0.9968259121735841,0.0035868262814410692,0.9734694803218036,0.012863121472279422
critical,0.9734999999999999,0.012820881404958077,0.9501095242757132,0.022687718700046638,1.0,0.0,0.974304472291049,0.012045381699917986,0.053000000000000005,0.02564176280991617,0.0,0.0,0.99664,0.00621071654481186,0.9934155639591318,0.012134823876459134,0.9734694803218036,0.012863121472279422
ultra-strong,0.9734999999999999,0.012820881404958077,0.9501095242757132,0.022687718700046638,1.0,0.0,0.974304472291049,0.012045381699917986,0.053000000000000005,0.02564176280991617,0.0,0.0,0.993745,0.012423017950562564,0.9864244446400765,0.02724036268662206,0.9734694803218036,0.012863121472279422
