mode,accuracy_mean,accuracy_std,precision_mean,precision_std,recall_mean,recall_std,f1_mean,f1_std,fpr_mean,fpr_std,fnr_mean,fnr_std,tpr_mean,tpr_std,tnr_mean,tnr_std,roc_auc_mean,roc_auc_std,pr_auc_mean,pr_auc_std,macro_f1_mean,macro_f1_std
standard,0.873,0.0023459480433765697,0.9123885668231976,0.026005494805639736,0.8016666666666665,0.022935598240871487,0.8243076539592895,0.00975807079027493,0.05566666666666666,0.025889723400951532,0.19833333333333333,0.022935598240871477,0.8016666666666665,0.022935598240871487,0.9443333333333334,0.025889723400951588,0.9369466666666666,0.009584948980657381,0.9248892973062823,0.010576547146755015,0.8604732148145631,0.003056718612486377
stealthy,0.8410833333333334,0.023637526073785484,0.8103033517772102,0.04736441019761645,0.8826666666666666,0.03779237871435039,0.8332283465234266,0.007117525822559453,0.20049999999999998,0.08384550938747072,0.11733333333333333,0.037792378714350455,0.8826666666666666,0.03779237871435039,0.7995,0.0838455093874708,0.9369466666666666,0.009584948980657381,0.9248892973062823,0.010576547146755015,0.83680059301364,0.023162196881123604
