band,accuracy_delta,f1_delta,recall_delta,precision_delta,fpr_delta
ultra-stealthy,0.06999999999999995,0.23333108569999222,0.25899999999999995,-0.03455785680938528,0.11900000000000001
stealthy,0.025499999999999967,0.0687420864289422,0.20099999999999996,-0.11554623328326885,0.15000000000000002
moderate,-0.062000000000000055,-0.05221075964665456,0.026000000000000134,-0.1149214251504288,0.15000000000000002
severe,-0.07499999999999996,-0.06544608569915211,0.0,-0.11582859167761372,0.15000000000000002
critical,-0.07499999999999996,-0.06544608569915211,0.0,-0.11582859167761372,0.15000000000000002
ultra-strong,-0.07499999999999996,-0.06544608569915211,0.0,-0.11582859167761372,0.15000000000000002
