{
  "experiment_name": "Detection_Policy_Pipeline",
  "dataset_path": "datasets/train_jamming_features_research.csv",
  "config": {
    "standard_target_fpr": 0.1,
    "standard_guard": 0.02,
    "stealthy_target_fnr": 0.1,
    "stealthy_guard": 0.02,
    "correlation_threshold": 0.95,
    "stealthy_weight": 2.0,
    "enable_stealthy_weighting": true,
    "calibration_method": "isotonic",
    "cv_folds": 5,
    "calib_size": 0.15,
    "val_size": 0.15,
    "enable_tuning": true,
    "tuning_strategy": "grid",
    "tuning_iter": 60,
    "tuning_scoring": "f1",
    "max_iter": 2000,
    "output_dir": "experimental_results/rq2",
    "stealthy_heuristic": false,
    "bootstrap_iters": 1000
  },
  "aggregate_statistics": {
    "experiment_summary": {
      "n_seeds": 5,
      "successful_runs": 5
    },
    "standard_threshold_performance": {
      "standard_f1_score": {
        "mean": 0.9217983041694355,
        "std": 0.01094928582632726
      },
      "standard_accuracy": {
        "mean": 0.9235,
        "std": 0.011022703842524281
      },
      "standard_fpr": {
        "mean": 0.054000000000000006,
        "std": 0.017146428199482245
      },
      "standard_recall": {
        "mean": 0.9010000000000001,
        "std": 0.007348469228349541
      },
      "standard_fnr": {
        "mean": 0.099,
        "std": 0.0073484692283495336
      }
    },
    "stealthy_threshold_performance": {
      "stealthy_f1_score": {
        "mean": 0.8957875027843176,
        "std": 0.019786806007061095
      },
      "stealthy_accuracy": {
        "mean": 0.889,
        "std": 0.02723049760838022
      },
      "stealthy_fpr": {
        "mean": 0.166,
        "std": 0.08089499366462674
      },
      "stealthy_recall": {
        "mean": 0.944,
        "std": 0.02709243436828811
      },
      "stealthy_fnr": {
        "mean": 0.055999999999999994,
        "std": 0.02709243436828813
      }
    },
    "policy_compliance": {
      "standard_fpr_compliant": 5,
      "stealthy_fnr_compliant": 5,
      "total_seeds": 5
    },
    "calibration_quality": {
      "ece": {
        "mean": 0.040444583529342285,
        "std": 0.004477873747940228
      },
      "brier": {
        "mean": 0.06197469190672454,
        "std": 0.008926184485735917
      }
    },
    "operational_metrics": {
      "feature_count": {
        "mean": 7.0,
        "std": 0.0
      },
      "val_latency_ms": {
        "mean": 0.011381846309329074,
        "std": 0.011300364750423945
      }
    }
  },
  "per_seed_bootstrap": [
    {
      "seed": 42,
      "standard": {
        "f1": {
          "mean": 0.9131921894942766,
          "std": 0.014631546055838997,
          "lower_95": 0.8838463210276242,
          "upper_95": 0.9408681214421252
        },
        "fpr": {
          "mean": 0.06516431186708653,
          "std": 0.017314197620257286,
          "lower_95": 0.03190649496080627,
          "upper_95": 0.0994895287958115
        },
        "fnr": {
          "mean": 0.10457539446708854,
          "std": 0.021483879379553383,
          "lower_95": 0.06371965452847805,
          "upper_95": 0.14679573664328116
        },
        "recall": {
          "mean": 0.8954246055329114,
          "std": 0.021483879379553386,
          "lower_95": 0.8532042633567188,
          "upper_95": 0.936280345471522
        },
        "precision": {
          "mean": 0.9320916139984889,
          "std": 0.017808461583242185,
          "lower_95": 0.8950269337016575,
          "upper_95": 0.9672131147540983
        },
        "accuracy": {
          "mean": 0.915165,
          "std": 0.013773081536097872,
          "lower_95": 0.8875,
          "upper_95": 0.9400624999999999
        }
      },
      "stealthy": {
        "f1": {
          "mean": 0.9146590628924095,
          "std": 0.01445619418845186,
          "lower_95": 0.8864745833916817,
          "upper_95": 0.9403009785509538
        },
        "fpr": {
          "mean": 0.08035659656080926,
          "std": 0.01915235516973642,
          "lower_95": 0.045,
          "upper_95": 0.12183050637612976
        },
        "fnr": {
          "mean": 0.08908831945328842,
          "std": 0.020350362134631216,
          "lower_95": 0.049498853826269326,
          "upper_95": 0.12981770833333334
        },
        "recall": {
          "mean": 0.9109116805467116,
          "std": 0.020350362134631216,
          "lower_95": 0.8701822916666667,
          "upper_95": 0.9505011461737306
        },
        "precision": {
          "mean": 0.918829499836952,
          "std": 0.018892626178116774,
          "lower_95": 0.8803683980493191,
          "upper_95": 0.9538520408163266
        },
        "accuracy": {
          "mean": 0.9152825,
          "std": 0.014011207790551114,
          "lower_95": 0.8875,
          "upper_95": 0.94
        }
      }
    },
    {
      "seed": 123,
      "standard": {
        "f1": {
          "mean": 0.9148732185330696,
          "std": 0.013936608342378249,
          "lower_95": 0.8877537378587799,
          "upper_95": 0.9398206434852119
        },
        "fpr": {
          "mean": 0.060253684789963596,
          "std": 0.016546035536736833,
          "lower_95": 0.0309238699444885,
          "upper_95": 0.094094855465446
        },
        "fnr": {
          "mean": 0.10546775546509744,
          "std": 0.02061583391352951,
          "lower_95": 0.06572592118366767,
          "upper_95": 0.1476231527093596
        },
        "recall": {
          "mean": 0.8945322445349025,
          "std": 0.020615833913529513,
          "lower_95": 0.8523768472906403,
          "upper_95": 0.9342740788163324
        },
        "precision": {
          "mean": 0.9365536281405086,
          "std": 0.017188345776975644,
          "lower_95": 0.9013870515913158,
          "upper_95": 0.967741935483871
        },
        "accuracy": {
          "mean": 0.9172275,
          "std": 0.012991131349886359,
          "lower_95": 0.89,
          "upper_95": 0.94
        }
      },
      "stealthy": {
        "f1": {
          "mean": 0.9128558733913344,
          "std": 0.014752858730315501,
          "lower_95": 0.8817090816239681,
          "upper_95": 0.9395404875315214
        },
        "fpr": {
          "mean": 0.09574062859451572,
          "std": 0.020872837760322803,
          "lower_95": 0.05764593908629442,
          "upper_95": 0.13830196399345335
        },
        "fnr": {
          "mean": 0.07953504360277489,
          "std": 0.019409902648078667,
          "lower_95": 0.043005002587545284,
          "upper_95": 0.11796391752577318
        },
        "recall": {
          "mean": 0.9204649563972251,
          "std": 0.019409902648078663,
          "lower_95": 0.8820360824742268,
          "upper_95": 0.9569949974124548
        },
        "precision": {
          "mean": 0.9057684510893056,
          "std": 0.020566491645213843,
          "lower_95": 0.8629266808246141,
          "upper_95": 0.9464309587471352
        },
        "accuracy": {
          "mean": 0.9123700000000001,
          "std": 0.014239754211361946,
          "lower_95": 0.885,
          "upper_95": 0.9375
        }
      }
    },
    {
      "seed": 456,
      "standard": {
        "f1": {
          "mean": 0.9217322495654358,
          "std": 0.013827320735133087,
          "lower_95": 0.8930389983044215,
          "upper_95": 0.947388873738751
        },
        "fpr": {
          "mean": 0.06339213826549006,
          "std": 0.017033177877878433,
          "lower_95": 0.032415272415272416,
          "upper_95": 0.0980634828188701
        },
        "fnr": {
          "mean": 0.0911142320693858,
          "std": 0.020362085923867755,
          "lower_95": 0.05262531328320802,
          "upper_95": 0.1324245061681677
        },
        "recall": {
          "mean": 0.9088857679306142,
          "std": 0.02036208592386775,
          "lower_95": 0.8675754938318322,
          "upper_95": 0.9473746867167919
        },